update,train_mse,val_mse,lr,grad_norm,param_count,elapsed_s,nan_inf
0,0.3829760253429413,0.4387199282646179,1e-08,3.2728545665740967,727695,3.1008434295654297,False
100,0.38077518343925476,0.37227463722229004,1.01e-06,2.8884525299072266,727695,4.10142183303833,False
200,0.40716955065727234,0.34736764430999756,2.0100000000000002e-06,2.832313060760498,727695,5.101510524749756,False
300,0.35644781589508057,0.32651403546333313,3.01e-06,2.2569472789764404,727695,6.099512338638306,False
400,0.27004045248031616,0.28325268626213074,4.01e-06,1.1442363262176514,727695,7.099590301513672,False
500,0.2532639801502228,0.237775981426239,5.01e-06,0.6683599352836609,727695,8.101818323135376,False
600,0.224386066198349,0.22416181862354279,6.01e-06,0.4406625032424927,727695,9.096846580505371,False
700,0.18860986828804016,0.2345649152994156,7.01e-06,0.39149272441864014,727695,10.093880891799927,False
800,0.20435236394405365,0.18592825531959534,8.010000000000001e-06,0.4176792800426483,727695,11.093673944473267,False
900,0.16872157156467438,0.1682313233613968,9.01e-06,0.3848213255405426,727695,12.097944736480713,False
1000,0.16974125802516937,0.16713744401931763,1.001e-05,0.30542290210723877,727695,13.099900722503662,False
1100,0.16881005465984344,0.16075697541236877,1.1010000000000001e-05,0.22413016855716705,727695,14.102968454360962,False
1200,0.15013279020786285,0.15531478822231293,1.201e-05,0.3559228777885437,727695,15.097768545150757,False
1300,0.14750191569328308,0.14463165402412415,1.301e-05,0.25494784116744995,727695,16.091874837875366,False
1400,0.1451730877161026,0.14356128871440887,1.4010000000000001e-05,0.27905991673469543,727695,17.083904504776,False
1500,0.13647325336933136,0.1456926167011261,1.5010000000000002e-05,0.3003550171852112,727695,18.081157207489014,False
1600,0.12221779674291611,0.12647093832492828,1.601e-05,0.298968642950058,727695,19.073930025100708,False
1700,0.13639572262763977,0.12798123061656952,1.701e-05,0.31075677275657654,727695,20.0679931640625,False
1800,0.12211152166128159,0.13719144463539124,1.8010000000000002e-05,0.302203893661499,727695,21.06200361251831,False
1900,0.12727494537830353,0.12082001566886902,1.901e-05,0.2656146287918091,727695,22.055524349212646,False
2000,0.12495754659175873,0.12028162181377411,2.001e-05,0.27163803577423096,727695,23.046746253967285,False
2100,0.12068100273609161,0.12910042703151703,2.101e-05,0.2859020531177521,727695,24.040528059005737,False
2200,0.13648691773414612,0.11548815667629242,2.201e-05,0.354540079832077,727695,25.029518604278564,False
2300,0.11797212064266205,0.1251075565814972,2.301e-05,0.33888041973114014,727695,26.019726037979126,False
2400,0.11997313052415848,0.11466386914253235,2.4010000000000002e-05,0.37687093019485474,727695,27.01040267944336,False
2500,0.10754238814115524,0.11807936429977417,2.501e-05,0.2825414836406708,727695,28.010082006454468,False
2600,0.11854204535484314,0.11642444133758545,2.601e-05,0.264480322599411,727695,29.006072282791138,False
2700,0.1065484806895256,0.0946892648935318,2.701e-05,0.3182920515537262,727695,29.999277591705322,False
2800,0.11322955042123795,0.10914460569620132,2.8010000000000005e-05,0.37550365924835205,727695,30.99439239501953,False
2900,0.10515443980693817,0.10575354099273682,2.9010000000000005e-05,0.26702880859375,727695,31.9864821434021,False
3000,0.0963512510061264,0.10598115622997284,3.001e-05,0.24962876737117767,727695,32.99192190170288,False
3100,0.09961462765932083,0.10814797878265381,3.101e-05,0.4105547070503235,727695,33.99645209312439,False
3200,0.10429400205612183,0.09836374223232269,3.201e-05,0.26737797260284424,727695,35.00069785118103,False
3300,0.103712297976017,0.1044754609465599,3.3010000000000004e-05,0.2813677489757538,727695,35.99638485908508,False
3400,0.10167666524648666,0.10988906025886536,3.401e-05,0.3330366611480713,727695,36.99384570121765,False
3500,0.11128979176282883,0.10872338712215424,3.5010000000000005e-05,0.27249789237976074,727695,37.99678134918213,False
3600,0.10270948708057404,0.1071118414402008,3.601e-05,0.2897307276725769,727695,38.99990916252136,False
3700,0.10359025746583939,0.10281476378440857,3.701e-05,0.23661784827709198,727695,39.99368071556091,False
3800,0.09609236568212509,0.09283237159252167,3.8010000000000004e-05,0.3663564622402191,727695,40.989675521850586,False
3900,0.10675789415836334,0.10107811540365219,3.901e-05,0.42053961753845215,727695,41.9876594543457,False
4000,0.09922489523887634,0.10289100557565689,4.0010000000000005e-05,0.4379854202270508,727695,42.992886781692505,False
4100,0.11266366392374039,0.09953173249959946,4.101e-05,0.4674207270145416,727695,43.99609327316284,False
4200,0.09389682859182358,0.09941119700670242,4.201e-05,0.41031643748283386,727695,45.001463174819946,False
4300,0.09785178303718567,0.09163687378168106,4.301e-05,0.30114811658859253,727695,46.01954889297485,False
4400,0.09056608378887177,0.09441288560628891,4.401e-05,0.25054386258125305,727695,47.02309703826904,False
4500,0.09195730835199356,0.09875728189945221,4.5010000000000004e-05,0.2703056037425995,727695,48.026060342788696,False
4600,0.08605939149856567,0.09424921125173569,4.601e-05,0.4268700182437897,727695,49.02405762672424,False
4700,0.09197203069925308,0.09352019429206848,4.7010000000000006e-05,0.3935777544975281,727695,50.064791440963745,False
4800,0.09592991322278976,0.0959625169634819,4.801e-05,0.3312617242336273,727695,51.08596992492676,False
4900,0.08578138053417206,0.0857093334197998,4.901e-05,0.26346105337142944,727695,52.08883309364319,False
5000,0.08947240561246872,0.08474939316511154,5.0010000000000004e-05,0.31549593806266785,727695,103.86974358558655,False
5100,0.09500451385974884,0.09090006351470947,5.101e-05,0.2718963325023651,727695,104.92404818534851,False
5200,0.08532916009426117,0.09903398901224136,5.2010000000000005e-05,0.27841541171073914,727695,105.95169138908386,False
5300,0.10550127923488617,0.09596441686153412,5.301e-05,0.49149566888809204,727695,106.97630143165588,False
5400,0.0807521715760231,0.07980100810527802,5.4010000000000006e-05,0.29271548986434937,727695,107.99247145652771,False
5500,0.09052985161542892,0.09241163730621338,5.5010000000000004e-05,0.6616371273994446,727695,109.02139210700989,False
5600,0.08758219331502914,0.09497568756341934,5.601000000000001e-05,0.27477043867111206,727695,110.0517795085907,False
5700,0.08118309080600739,0.08991624414920807,5.7010000000000005e-05,0.23080916702747345,727695,111.07283306121826,False
5800,0.07634977996349335,0.08699546009302139,5.8009999999999995e-05,0.2983552813529968,727695,112.09755063056946,False
5900,0.09207775443792343,0.08580267429351807,5.901e-05,0.3539808392524719,727695,113.11895966529846,False
6000,0.0871497094631195,0.08061299473047256,6.0009999999999996e-05,0.31388482451438904,727695,114.14893198013306,False
6100,0.09307657182216644,0.08814704418182373,6.101e-05,0.24328820407390594,727695,115.18795418739319,False
6200,0.0914124995470047,0.08469535410404205,6.201e-05,0.3221185505390167,727695,116.22068357467651,False
6300,0.08160638809204102,0.08645866066217422,6.301000000000001e-05,0.32653695344924927,727695,117.257803440094,False
6400,0.08451615273952484,0.08162923902273178,6.401e-05,0.24952998757362366,727695,118.30130338668823,False
6500,0.07887902110815048,0.08289410173892975,6.501e-05,0.275041401386261,727695,119.33160328865051,False
6600,0.08259974420070648,0.0798540785908699,6.601e-05,0.26505792140960693,727695,120.38748407363892,False
6700,0.0864824503660202,0.07705925405025482,6.701000000000001e-05,0.4836437404155731,727695,121.42552828788757,False
6800,0.07835330069065094,0.08274636417627335,6.801000000000001e-05,0.27727094292640686,727695,122.4596209526062,False
6900,0.08740466833114624,0.07828165590763092,6.901e-05,0.284469336271286,727695,123.50945138931274,False
7000,0.0884489044547081,0.07806137949228287,7.001e-05,0.2975655496120453,727695,124.5487072467804,False
7100,0.07996924966573715,0.08555714040994644,7.101e-05,0.35206571221351624,727695,125.59183931350708,False
7200,0.07598161697387695,0.07572544366121292,7.201e-05,0.27725353837013245,727695,126.63289666175842,False
7300,0.08215582370758057,0.0803985744714737,7.301e-05,0.3129330277442932,727695,127.71182751655579,False
7400,0.07669098675251007,0.08042768388986588,7.401e-05,0.3642704486846924,727695,128.75138521194458,False
7500,0.07362427562475204,0.081250861287117,7.501e-05,0.2407764047384262,727695,129.7880253791809,False
7600,0.08165169507265091,0.07945530861616135,7.601e-05,0.2965991497039795,727695,130.8273949623108,False
7700,0.08089019358158112,0.07810311764478683,7.701000000000001e-05,0.31358256936073303,727695,131.86730408668518,False
7800,0.07754671573638916,0.0861591175198555,7.801000000000001e-05,0.3502834141254425,727695,132.90599370002747,False
7900,0.08030840754508972,0.08705592155456543,7.901e-05,0.2421126365661621,727695,133.94383144378662,False
8000,0.08316117525100708,0.07986044883728027,8.001e-05,0.3111214339733124,727695,134.95897555351257,False
8100,0.07497412711381912,0.08176837116479874,8.101000000000001e-05,0.4744294583797455,727695,135.9824960231781,False
8200,0.07480040192604065,0.07987780123949051,8.201000000000001e-05,0.2566804587841034,727695,137.00171971321106,False
8300,0.08092118054628372,0.08551734685897827,8.300999999999999e-05,0.35049304366111755,727695,138.02771139144897,False
8400,0.08089090883731842,0.07854755967855453,8.401e-05,0.39126548171043396,727695,139.08683681488037,False
8500,0.08094751089811325,0.08012330532073975,8.501e-05,0.28650280833244324,727695,140.14421844482422,False
8600,0.07822861522436142,0.0832664743065834,8.601e-05,0.2850930094718933,727695,141.21141076087952,False
8700,0.07120213657617569,0.08383351564407349,8.701000000000001e-05,0.2890935242176056,727695,142.274347782135,False
8800,0.07606185972690582,0.0784803181886673,8.801e-05,0.3171484172344208,727695,143.33462166786194,False
8900,0.0740063264966011,0.07459604740142822,8.901e-05,0.31183475255966187,727695,144.38656210899353,False
9000,0.07290849834680557,0.07910425961017609,9.001e-05,0.2727483808994293,727695,145.43681073188782,False
9100,0.07383210957050323,0.07532846182584763,9.101000000000001e-05,0.3304518163204193,727695,146.46429109573364,False
9200,0.08736049383878708,0.07871624082326889,9.201000000000001e-05,0.3330283761024475,727695,147.49887108802795,False
9300,0.07301048934459686,0.07645675539970398,9.301e-05,0.4268360137939453,727695,148.52727890014648,False
9400,0.07532992959022522,0.07582307606935501,9.401e-05,0.24904809892177582,727695,149.55487871170044,False
9500,0.07350168377161026,0.07033411413431168,9.501e-05,0.2144777774810791,727695,150.60206604003906,False
9600,0.07781071960926056,0.07080443203449249,9.601e-05,0.40845733880996704,727695,151.66584038734436,False
9700,0.07162924855947495,0.07741735875606537,9.701e-05,0.24898245930671692,727695,152.730699300766,False
9800,0.06808853149414062,0.06869212538003922,9.801e-05,0.2830028831958771,727695,153.79480838775635,False
9900,0.08120676875114441,0.07422588765621185,9.901e-05,0.2667567729949951,727695,154.8463897705078,False
10000,0.07050919532775879,0.07754155248403549,0.0001,0.26573359966278076,727695,259.51430678367615,False
10100,0.07716436684131622,0.0660095363855362,0.0001,0.39237478375434875,727695,260.55639147758484,False
10200,0.07465614378452301,0.07074194401502609,0.0001,0.3383495807647705,727695,261.6110544204712,False
10300,0.0691746398806572,0.07747385650873184,0.0001,0.273120641708374,727695,262.6667308807373,False
10400,0.07440397888422012,0.07674615830183029,0.0001,0.31337451934814453,727695,263.7193794250488,False
10500,0.06786860525608063,0.07394059002399445,0.0001,0.2604444622993469,727695,264.75859355926514,False
10600,0.07119692116975784,0.07296893745660782,0.0001,0.3492358326911926,727695,265.825722694397,False
10700,0.06981024891138077,0.06740318238735199,0.0001,0.27352842688560486,727695,266.8789119720459,False
10800,0.06076427549123764,0.0681242123246193,0.0001,0.4095771610736847,727695,267.92704725265503,False
10900,0.0654766783118248,0.06180856004357338,0.0001,0.4047606289386749,727695,268.97134232521057,False
11000,0.06957763433456421,0.07319359481334686,0.0001,0.2979188859462738,727695,270.0160913467407,False
11100,0.06518784910440445,0.0712883248925209,0.0001,0.31094855070114136,727695,271.0565116405487,False
11200,0.07365268468856812,0.06923598051071167,0.0001,0.27813977003097534,727695,272.1029176712036,False
11300,0.07074730098247528,0.07255680859088898,0.0001,0.24637246131896973,727695,273.155024766922,False
11400,0.0648178905248642,0.06519061326980591,0.0001,0.24094456434249878,727695,274.19664478302,False
11500,0.0672987699508667,0.07361543923616409,0.0001,0.3706341087818146,727695,275.20800256729126,False
11600,0.07533665746450424,0.06888359785079956,0.0001,0.38015109300613403,727695,276.17860674858093,False
11700,0.06482622772455215,0.07947449386119843,0.0001,0.45765167474746704,727695,277.15562748908997,False
11800,0.06600901484489441,0.07236699014902115,0.0001,0.3648033142089844,727695,278.12322640419006,False
11900,0.0711769387125969,0.07763552665710449,0.0001,0.46654796600341797,727695,279.09537839889526,False
12000,0.06217170134186745,0.06954963505268097,0.0001,0.3106153905391693,727695,280.0687098503113,False
12100,0.06474441289901733,0.0685935765504837,0.0001,0.24187125265598297,727695,281.03607726097107,False
12200,0.07477805763483047,0.07303254306316376,0.0001,0.322200745344162,727695,282.0077533721924,False
12300,0.06273790448904037,0.07254960387945175,0.0001,0.31604307889938354,727695,282.97841119766235,False
12400,0.06838515400886536,0.06689085811376572,0.0001,0.34691280126571655,727695,283.95090889930725,False
12500,0.0627656951546669,0.07166209816932678,0.0001,0.2823740839958191,727695,284.9209282398224,False
12600,0.06634098291397095,0.0612303800880909,0.0001,0.3513529300689697,727695,285.8896834850311,False
12700,0.06531326472759247,0.06704254448413849,0.0001,0.4488019645214081,727695,286.85285806655884,False
12800,0.06391606479883194,0.06627288460731506,0.0001,0.40702715516090393,727695,287.799836397171,False
12900,0.06708861142396927,0.06428802758455276,0.0001,0.42594674229621887,727695,288.76842856407166,False
13000,0.06342969089746475,0.06809689104557037,0.0001,0.2650367319583893,727695,289.7426962852478,False
13100,0.0660661906003952,0.07446450740098953,0.0001,0.27276667952537537,727695,290.7159249782562,False
13200,0.06768813729286194,0.0638180673122406,0.0001,0.30470916628837585,727695,291.69664478302,False
13300,0.06903070211410522,0.057267703115940094,0.0001,0.2705674469470978,727695,292.66883397102356,False
13400,0.06229018792510033,0.06546247750520706,0.0001,0.22779817879199982,727695,293.63613867759705,False
13500,0.0635734274983406,0.07025077939033508,0.0001,0.2947230637073517,727695,294.60579538345337,False
13600,0.05955345556139946,0.05938856303691864,0.0001,0.25080424547195435,727695,295.57816195487976,False
13700,0.06314893811941147,0.06296946108341217,0.0001,0.3082450330257416,727695,296.5512819290161,False
13800,0.05974346399307251,0.06353840976953506,0.0001,0.29359304904937744,727695,297.52417492866516,False
13900,0.06307099014520645,0.062091585248708725,0.0001,0.3444499373435974,727695,298.49568700790405,False
14000,0.06664890050888062,0.07338829338550568,0.0001,0.42543119192123413,727695,299.4686098098755,False
14100,0.059062156826257706,0.06933031231164932,0.0001,0.33782246708869934,727695,300.4395570755005,False
14200,0.05709870532155037,0.071263387799263,0.0001,0.3610950708389282,727695,301.40682673454285,False
14300,0.05749277025461197,0.06591687351465225,0.0001,0.2812034785747528,727695,302.38016080856323,False
14400,0.06659567356109619,0.06536559015512466,0.0001,0.2591255009174347,727695,303.34652304649353,False
14500,0.07054626196622849,0.06514313071966171,0.0001,0.3710954487323761,727695,304.318519115448,False
14600,0.05559222027659416,0.07073765248060226,0.0001,0.25838011503219604,727695,305.28920340538025,False
14700,0.06951765716075897,0.07428130507469177,0.0001,0.30827876925468445,727695,306.2669517993927,False
14800,0.07115623354911804,0.06284929066896439,0.0001,0.29121163487434387,727695,307.25614643096924,False
14900,0.06574710458517075,0.06597419828176498,0.0001,0.2911424934864044,727695,308.2278492450714,False
15000,0.06302940100431442,0.06441142410039902,0.0001,0.28523561358451843,727695,399.0149977207184,False
15100,0.05963996797800064,0.06685744225978851,0.0001,0.2930198013782501,727695,400.0743019580841,False
15200,0.06807197630405426,0.06578857451677322,0.0001,0.2781069874763489,727695,401.04653096199036,False
15300,0.05849825590848923,0.06665422022342682,0.0001,0.30507156252861023,727695,402.0127663612366,False
15400,0.06495097279548645,0.06231541559100151,0.0001,0.2475743442773819,727695,402.9933042526245,False
15500,0.06277292966842651,0.06966283172369003,0.0001,0.33972078561782837,727695,403.97516655921936,False
15600,0.05533889681100845,0.0650707557797432,0.0001,0.25840261578559875,727695,404.947958946228,False
15700,0.06827770918607712,0.07194282114505768,0.0001,0.2843121588230133,727695,405.91195011138916,False
15800,0.06497164815664291,0.06394483894109726,0.0001,0.376859575510025,727695,406.8977909088135,False
15900,0.06024282053112984,0.06463152915239334,0.0001,0.314462810754776,727695,407.89711833000183,False
16000,0.06611835211515427,0.06281348317861557,0.0001,0.3197413980960846,727695,408.87646317481995,False
16100,0.06401928514242172,0.057936571538448334,0.0001,0.23944680392742157,727695,409.847375869751,False
16200,0.0709397941827774,0.06594689190387726,0.0001,0.2927008271217346,727695,410.83296155929565,False
16300,0.06208335608243942,0.06405524909496307,0.0001,0.3754749596118927,727695,411.8209795951843,False
16400,0.06018873304128647,0.06041785329580307,0.0001,0.2599961459636688,727695,412.80813241004944,False
16500,0.05905861780047417,0.06455864012241364,0.0001,0.2792326807975769,727695,413.7987024784088,False
16600,0.06368037313222885,0.057155147194862366,0.0001,0.32562679052352905,727695,414.7888185977936,False
16700,0.06441465765237808,0.062340278178453445,0.0001,0.3306874930858612,727695,415.7905607223511,False
16800,0.05642399936914444,0.06176279857754707,0.0001,0.3898271322250366,727695,416.77592420578003,False
16900,0.06266743689775467,0.06731961667537689,0.0001,0.32643064856529236,727695,417.75981736183167,False
17000,0.06201169639825821,0.05908964201807976,0.0001,0.33217912912368774,727695,418.73776054382324,False
17100,0.06038583442568779,0.06287775188684464,0.0001,0.35365957021713257,727695,419.709007024765,False
17200,0.06380591541528702,0.07038940489292145,0.0001,0.4003596901893616,727695,420.7064960002899,False
17300,0.060837697237730026,0.0556085929274559,0.0001,0.2542353570461273,727695,421.68991112709045,False
17400,0.0656379982829094,0.06961702555418015,0.0001,0.31458401679992676,727695,422.674809217453,False
17500,0.058518826961517334,0.06030632555484772,0.0001,0.2512451708316803,727695,423.6593232154846,False
17600,0.06426706910133362,0.061143118888139725,0.0001,0.3296419084072113,727695,424.6580638885498,False
17700,0.05384185165166855,0.057786472141742706,0.0001,0.26007214188575745,727695,425.6407194137573,False
17800,0.0536644421517849,0.06959463655948639,0.0001,0.39846259355545044,727695,426.62423372268677,False
17900,0.06169010326266289,0.06184397265315056,0.0001,0.2843027114868164,727695,427.6128911972046,False
18000,0.06474637985229492,0.062440574169158936,0.0001,0.27030789852142334,727695,428.59509897232056,False
18100,0.06000760942697525,0.06557058542966843,0.0001,0.23810651898384094,727695,429.58707332611084,False
18200,0.05846582353115082,0.05798739567399025,0.0001,0.27354001998901367,727695,430.56839323043823,False
18300,0.05768516659736633,0.06495130062103271,0.0001,0.2739502489566803,727695,431.552609205246,False
18400,0.06121138855814934,0.0732283815741539,0.0001,0.3166702687740326,727695,432.53830313682556,False
18500,0.059010714292526245,0.06653463840484619,0.0001,0.25803491473197937,727695,433.5131788253784,False
18600,0.05857531726360321,0.06336726248264313,0.0001,0.3327888250350952,727695,434.4847147464752,False
18700,0.05926378071308136,0.06035997346043587,0.0001,0.32862064242362976,727695,435.448783159256,False
18800,0.05524139851331711,0.05987188220024109,0.0001,0.29933837056159973,727695,436.421507358551,False
18900,0.06262090057134628,0.06191017106175423,0.0001,0.252699613571167,727695,437.39392709732056,False
19000,0.05866733565926552,0.057987723499536514,0.0001,0.2808835804462433,727695,438.36824440956116,False
19100,0.05966663360595703,0.06772860884666443,0.0001,0.4059356153011322,727695,439.33137464523315,False
19200,0.06280036270618439,0.057275086641311646,0.0001,0.3177991807460785,727695,440.29664754867554,False
19300,0.06149483844637871,0.05949120968580246,0.0001,0.3754071593284607,727695,441.26910185813904,False
19400,0.06535927951335907,0.05429122969508171,0.0001,0.304608553647995,727695,442.23969888687134,False
19500,0.06177947670221329,0.05627576634287834,0.0001,0.3302123546600342,727695,443.21441864967346,False
19600,0.053445685654878616,0.06599070876836777,0.0001,0.25648751854896545,727695,444.18825030326843,False
19700,0.05747063085436821,0.06446605175733566,0.0001,0.36754897236824036,727695,445.16160106658936,False
19800,0.05059698224067688,0.0662190169095993,0.0001,0.2531214654445648,727695,446.1299297809601,False
19900,0.06060962751507759,0.06258106231689453,0.0001,0.3348541259765625,727695,447.1092863082886,False
20000,0.06098632887005806,0.05673845857381821,0.0001,0.25107383728027344,727695,576.5509939193726,False
20100,0.05910816416144371,0.054217126220464706,0.0001,0.21903768181800842,727695,577.5475974082947,False
20200,0.06258098036050797,0.0543525405228138,0.0001,0.3357771337032318,727695,578.5314495563507,False
20300,0.05890375003218651,0.059387195855379105,0.0001,0.24158740043640137,727695,579.5068562030792,False
20400,0.05687248706817627,0.06261030584573746,0.0001,0.22043751180171967,727695,580.4757785797119,False
20500,0.055742304772138596,0.0545722097158432,0.0001,0.30080124735832214,727695,581.4595150947571,False
20600,0.0639580637216568,0.05488283187150955,0.0001,0.436381071805954,727695,582.4383478164673,False
20700,0.05785172060132027,0.05777416378259659,0.0001,0.34755298495292664,727695,583.4120564460754,False
20800,0.055263422429561615,0.06168738752603531,0.0001,0.3267463743686676,727695,584.377023935318,False
20900,0.05529626086354256,0.0605333186686039,0.0001,0.31232619285583496,727695,585.4323673248291,False
21000,0.05585266277194023,0.06254942715167999,0.0001,0.25436103343963623,727695,586.407265663147,False
21100,0.05705549940466881,0.060100920498371124,0.0001,0.2660849392414093,727695,587.3911814689636,False
21200,0.06225777417421341,0.0543854758143425,0.0001,0.2598660886287689,727695,588.3707737922668,False
21300,0.05943462252616882,0.05446247383952141,0.0001,0.27363064885139465,727695,589.4364023208618,False
21400,0.05926831066608429,0.06081926077604294,0.0001,0.4429539442062378,727695,590.4123523235321,False
21500,0.06427980959415436,0.0613207146525383,0.0001,0.29443371295928955,727695,591.3972742557526,False
21600,0.052107326686382294,0.05689838528633118,0.0001,0.39344990253448486,727695,592.378301858902,False
21700,0.061512261629104614,0.05624588206410408,0.0001,0.2640528976917267,727695,593.3701448440552,False
21800,0.054736364632844925,0.05907376483082771,0.0001,0.29549163579940796,727695,594.355503320694,False
21900,0.06125122308731079,0.061392053961753845,0.0001,0.2439614087343216,727695,595.339656829834,False
22000,0.05639120936393738,0.06044858694076538,0.0001,0.2678207457065582,727695,596.3140320777893,False
22100,0.05798984318971634,0.05918656662106514,0.0001,0.23439255356788635,727695,597.3019423484802,False
22200,0.0512978658080101,0.05942085385322571,0.0001,0.32564324140548706,727695,598.2860662937164,False
22300,0.058842357248067856,0.058593302965164185,0.0001,0.3195664584636688,727695,599.2641005516052,False
22400,0.05231795459985733,0.054652273654937744,0.0001,0.27067893743515015,727695,600.2391924858093,False
22500,0.05860844627022743,0.05995240435004234,0.0001,0.26695364713668823,727695,601.2363772392273,False
22600,0.055488575249910355,0.058846838772296906,0.0001,0.2934238016605377,727695,602.2182512283325,False
22700,0.05712678283452988,0.05553146079182625,0.0001,0.3702933192253113,727695,603.196117401123,False
22800,0.056545838713645935,0.05588424205780029,0.0001,0.3074929714202881,727695,604.1719563007355,False
22900,0.057151198387145996,0.053243380039930344,0.0001,0.3062085211277008,727695,605.1649112701416,False
23000,0.05475476384162903,0.05370310693979263,0.0001,0.2635643780231476,727695,606.2112164497375,False
23100,0.058402638882398605,0.05941879004240036,0.0001,0.3139227628707886,727695,607.2141144275665,False
23200,0.0577327199280262,0.056571416556835175,0.0001,0.21599242091178894,727695,608.2112157344818,False
23300,0.06134307011961937,0.06470437347888947,0.0001,0.40515974164009094,727695,609.2141437530518,False
23400,0.059284601360559464,0.05929039046168327,0.0001,0.2863415777683258,727695,610.2114219665527,False
23500,0.05472084507346153,0.05862126499414444,0.0001,0.3354756832122803,727695,611.2132833003998,False
23600,0.05680135264992714,0.056448955088853836,0.0001,0.27955812215805054,727695,612.218409538269,False
23700,0.058731187134981155,0.05501940846443176,0.0001,0.30145853757858276,727695,613.2193484306335,False
23800,0.056405890733003616,0.052518825978040695,0.0001,0.2391522377729416,727695,614.2223403453827,False
23900,0.057133663445711136,0.051743894815444946,0.0001,0.25150173902511597,727695,615.2343463897705,False
24000,0.0552089661359787,0.06178580969572067,0.0001,0.2756507694721222,727695,616.2403345108032,False
24100,0.05135786160826683,0.055413272231817245,0.0001,0.2463359236717224,727695,617.2456042766571,False
24200,0.06113354116678238,0.0558631606400013,0.0001,0.3393773138523102,727695,618.2571165561676,False
24300,0.06174983084201813,0.059757258743047714,0.0001,0.31085801124572754,727695,619.2720167636871,False
24400,0.05204319581389427,0.06255068629980087,0.0001,0.2883535325527191,727695,620.28666639328,False
24500,0.05986823886632919,0.05914079025387764,0.0001,0.2719786763191223,727695,621.2908797264099,False
24600,0.06383322179317474,0.061498671770095825,0.0001,0.30020850896835327,727695,622.2929239273071,False
24700,0.05795782059431076,0.0570312961935997,0.0001,0.36164048314094543,727695,623.3019254207611,False
24800,0.058606136590242386,0.05527999997138977,0.0001,0.35513821244239807,727695,624.3069913387299,False
24900,0.0532793253660202,0.0597541481256485,0.0001,0.2880640923976898,727695,625.3136863708496,False
25000,0.055954352021217346,0.052968915551900864,0.0001,0.2855125963687897,727695,693.408194065094,False
25100,0.061827827244997025,0.056617334485054016,0.0001,0.3009236454963684,727695,694.3888576030731,False
25200,0.06008346751332283,0.05971326678991318,0.0001,0.29182231426239014,727695,695.3807804584503,False
25300,0.05731156840920448,0.0554647371172905,0.0001,0.2824431359767914,727695,696.3692500591278,False
25400,0.051644228398799896,0.054546210914850235,0.0001,0.30277594923973083,727695,697.3547458648682,False
25500,0.05603720620274544,0.05891915410757065,0.0001,0.2995840013027191,727695,698.3272707462311,False
25600,0.06076118350028992,0.05906740203499794,0.0001,0.27921032905578613,727695,699.3109409809113,False
25700,0.0545014925301075,0.05283620208501816,0.0001,0.2629203200340271,727695,700.3021929264069,False
25800,0.058744028210639954,0.06179613992571831,0.0001,0.29321321845054626,727695,701.3029398918152,False
25900,0.059595394879579544,0.05541278421878815,0.0001,0.26829710602760315,727695,702.2941958904266,False
26000,0.0561482235789299,0.054260291159152985,0.0001,0.34549474716186523,727695,703.2796008586884,False
26100,0.05437130481004715,0.05055757611989975,0.0001,0.330679327249527,727695,704.2581145763397,False
26200,0.05705108121037483,0.05184584856033325,0.0001,0.3901776075363159,727695,705.2509603500366,False
26300,0.061716560274362564,0.05583591386675835,0.0001,0.3196103870868683,727695,706.2374827861786,False
26400,0.05198894813656807,0.055694203823804855,0.0001,0.2736298739910126,727695,707.2140743732452,False
26500,0.054120276123285294,0.051686838269233704,0.0001,0.2502952516078949,727695,708.1933455467224,False
26600,0.0509364977478981,0.059696637094020844,0.0001,0.28143057227134705,727695,709.180459022522,False
26700,0.05472031235694885,0.06291982531547546,0.0001,0.32525309920310974,727695,710.1549394130707,False
26800,0.050207529217004776,0.052539825439453125,0.0001,0.284431129693985,727695,711.1262695789337,False
26900,0.054134301841259,0.05457742512226105,0.0001,0.28057873249053955,727695,712.0988709926605,False
27000,0.05861910060048103,0.05649515986442566,0.0001,0.28884464502334595,727695,713.0754833221436,False
27100,0.05856061354279518,0.050782252103090286,0.0001,0.38162481784820557,727695,714.0492072105408,False
27200,0.05529069900512695,0.05124374106526375,0.0001,0.32797500491142273,727695,715.0207493305206,False
27300,0.05770295113325119,0.059753019362688065,0.0001,0.3965863585472107,727695,715.9810330867767,False
27400,0.0567953959107399,0.05820288881659508,0.0001,0.3370181620121002,727695,716.941130399704,False
27500,0.05476830527186394,0.05438055098056793,0.0001,0.3203788995742798,727695,717.913459777832,False
27600,0.05430113151669502,0.05661040171980858,0.0001,0.25128164887428284,727695,718.8790125846863,False
27700,0.04432535171508789,0.05991773307323456,0.0001,0.2514737844467163,727695,719.8393852710724,False
27800,0.053447943180799484,0.06338217854499817,0.0001,0.26460203528404236,727695,720.7953407764435,False
27900,0.05268092453479767,0.05968251824378967,0.0001,0.2885051369667053,727695,721.7595472335815,False
28000,0.05283661559224129,0.052675556391477585,0.0001,0.26571667194366455,727695,722.7363514900208,False
28100,0.058905813843011856,0.05854174494743347,0.0001,0.2446177750825882,727695,723.7066810131073,False
28200,0.050414785742759705,0.05864507332444191,0.0001,0.2791890501976013,727695,724.680300951004,False
28300,0.05750497430562973,0.05502182990312576,0.0001,0.3140990436077118,727695,725.6454963684082,False
28400,0.05200668424367905,0.05219312757253647,0.0001,0.24256087839603424,727695,726.5984463691711,False
28500,0.05526747927069664,0.058120839297771454,0.0001,0.3108830451965332,727695,727.570130109787,False
28600,0.05877869203686714,0.05772821605205536,0.0001,0.21964706480503082,727695,728.5387148857117,False
28700,0.05736633017659187,0.05779927968978882,0.0001,0.33800533413887024,727695,729.5036127567291,False
28800,0.052232399582862854,0.053782764822244644,0.0001,0.35235828161239624,727695,730.4710485935211,False
28900,0.058588385581970215,0.05715320259332657,0.0001,0.2973072826862335,727695,731.4421226978302,False
29000,0.05260051414370537,0.05968010425567627,0.0001,0.3321111798286438,727695,732.4041650295258,False
29100,0.052951522171497345,0.04780948907136917,0.0001,0.30931782722473145,727695,733.3563334941864,False
29200,0.05621907487511635,0.05455134063959122,0.0001,0.3224954605102539,727695,734.3290226459503,False
29300,0.053216274827718735,0.057426951825618744,0.0001,0.2702523469924927,727695,735.3070447444916,False
29400,0.05259379372000694,0.05333387851715088,0.0001,0.272723525762558,727695,736.2709019184113,False
29500,0.05062340199947357,0.05254101753234863,0.0001,0.3138561546802521,727695,737.2261619567871,False
29600,0.05334821343421936,0.05866565182805061,0.0001,0.28692635893821716,727695,738.2070906162262,False
29700,0.05731638893485069,0.05826158821582794,0.0001,0.33321282267570496,727695,739.2052025794983,False
29800,0.05076287314295769,0.05827684700489044,0.0001,0.2226388305425644,727695,740.1877472400665,False
29900,0.06066383793950081,0.05193677917122841,0.0001,0.4055052101612091,727695,741.1666715145111,False
30000,0.05608614906668663,0.056635547429323196,0.0001,0.30908170342445374,727695,895.3061394691467,False
30100,0.054394982755184174,0.05521500110626221,0.0001,0.2523724436759949,727695,896.3073773384094,False
30200,0.05479424074292183,0.04956156015396118,0.0001,0.3055078387260437,727695,897.296713590622,False
30300,0.05771081522107124,0.0536746010184288,0.0001,0.3282028138637543,727695,898.279533624649,False
30400,0.05844223126769066,0.052873872220516205,0.0001,0.2977868318557739,727695,899.2567660808563,False
30500,0.056737758219242096,0.05445006117224693,0.0001,0.31505927443504333,727695,900.2300202846527,False
30600,0.053010549396276474,0.05424219369888306,0.0001,0.30162936449050903,727695,901.2226030826569,False
30700,0.049084410071372986,0.06092272326350212,0.0001,0.23824919760227203,727695,902.2192339897156,False
30800,0.05503257364034653,0.05182768404483795,0.0001,0.2959626019001007,727695,903.1940882205963,False
30900,0.058242328464984894,0.054303839802742004,0.0001,0.306950181722641,727695,904.1658239364624,False
31000,0.05321946740150452,0.05534964054822922,0.0001,0.28036755323410034,727695,905.1598768234253,False
31100,0.05889415740966797,0.056984759867191315,0.0001,0.34720438718795776,727695,906.1443877220154,False
31200,0.0554010234773159,0.054039642214775085,0.0001,0.29650864005088806,727695,907.1175909042358,False
31300,0.053578365594148636,0.06907642632722855,0.0001,0.40516576170921326,727695,908.0857172012329,False
31400,0.05571034923195839,0.05407099798321724,0.0001,0.3399602174758911,727695,909.0777249336243,False
31500,0.0549352802336216,0.0567714124917984,0.0001,0.2726134955883026,727695,910.0648386478424,False
31600,0.0527997650206089,0.053809359669685364,0.0001,0.3396556079387665,727695,911.041449546814,False
31700,0.058146458119153976,0.056915897876024246,0.0001,0.41767024993896484,727695,912.0113251209259,False
31800,0.055084098130464554,0.05817794427275658,0.0001,0.29732877016067505,727695,913.0098679065704,False
31900,0.05425890162587166,0.05221361294388771,0.0001,0.26074105501174927,727695,913.9900660514832,False
32000,0.05368524789810181,0.05266572907567024,0.0001,0.2684812545776367,727695,914.9710001945496,False
32100,0.049715086817741394,0.05419943854212761,0.0001,0.28046444058418274,727695,915.9892902374268,False
32200,0.05264710634946823,0.05821505934000015,0.0001,0.24371176958084106,727695,917.0600910186768,False
32300,0.05093757063150406,0.05504244565963745,0.0001,0.2940702438354492,727695,918.0739555358887,False
32400,0.04948382452130318,0.052708398550748825,0.0001,0.3400888741016388,727695,919.0543720722198,False
32500,0.053803496062755585,0.052874863147735596,0.0001,0.29759854078292847,727695,920.0303103923798,False
32600,0.053725436329841614,0.060334935784339905,0.0001,0.2837029695510864,727695,921.0293371677399,False
32700,0.05304984003305435,0.05094113573431969,0.0001,0.2779393196105957,727695,922.0200204849243,False
32800,0.0508350245654583,0.05805016681551933,0.0001,0.3072356879711151,727695,922.9988975524902,False
32900,0.06146799027919769,0.05847899243235588,0.0001,0.31495147943496704,727695,923.964257478714,False
33000,0.05560746043920517,0.051877833902835846,0.0001,0.3647347092628479,727695,924.9526565074921,False
33100,0.05108097195625305,0.057931508868932724,0.0001,0.3424859344959259,727695,925.932137966156,False
33200,0.053193531930446625,0.04929511621594429,0.0001,0.2846781015396118,727695,926.9077894687653,False
33300,0.0543227419257164,0.054214850068092346,0.0001,0.28055447340011597,727695,927.8769726753235,False
33400,0.05296231061220169,0.05280226841568947,0.0001,0.2608535587787628,727695,928.8644213676453,False
33500,0.05615793541073799,0.06164952367544174,0.0001,0.3410113453865051,727695,929.851056098938,False
33600,0.053751155734062195,0.05625540763139725,0.0001,0.31628164649009705,727695,930.8297343254089,False
33700,0.054227784276008606,0.05443195253610611,0.0001,0.42389625310897827,727695,931.803790807724,False
33800,0.05472802743315697,0.053021904081106186,0.0001,0.2833392322063446,727695,932.7867486476898,False
33900,0.050005268305540085,0.06592679023742676,0.0001,0.30583369731903076,727695,933.7693367004395,False
34000,0.05491327494382858,0.05737373232841492,0.0001,0.326479971408844,727695,934.7483365535736,False
34100,0.05351971834897995,0.05423807352781296,0.0001,0.26660630106925964,727695,935.719596862793,False
34200,0.04566267877817154,0.05639958009123802,0.0001,0.25909021496772766,727695,936.702702999115,False
34300,0.05031142011284828,0.05455734208226204,0.0001,0.24637383222579956,727695,937.6873376369476,False
34400,0.05004628747701645,0.05818028375506401,0.0001,0.26796096563339233,727695,938.6622831821442,False
34500,0.05513463541865349,0.0581754706799984,0.0001,0.24721366167068481,727695,939.6331043243408,False
34600,0.05349234119057655,0.052432987838983536,0.0001,0.28718796372413635,727695,940.6227691173553,False
34700,0.05522477999329567,0.053522106260061264,0.0001,0.3038893938064575,727695,941.6053242683411,False
34800,0.058752648532390594,0.0571223683655262,0.0001,0.30315911769866943,727695,942.5846078395844,False
34900,0.054332636296749115,0.05898014083504677,0.0001,0.2544334828853607,727695,943.5621495246887,False
35000,0.05336900055408478,0.053771521896123886,0.0001,0.309353768825531,727695,1070.9515244960785,False
35100,0.060036055743694305,0.049501340836286545,0.0001,0.2614545524120331,727695,1072.0256819725037,False
35200,0.05544049292802811,0.051536619663238525,0.0001,0.3017829954624176,727695,1073.0999975204468,False
35300,0.049083102494478226,0.05526654049754143,0.0001,0.2824096977710724,727695,1074.1674628257751,False
35400,0.0534067340195179,0.054223425686359406,0.0001,0.3035038709640503,727695,1075.2321536540985,False
35500,0.051601339131593704,0.04636647552251816,0.0001,0.3748033046722412,727695,1076.2884585857391,False
35600,0.056435614824295044,0.05124710872769356,0.0001,0.30636951327323914,727695,1077.2767589092255,False
35700,0.05375777930021286,0.057037271559238434,0.0001,0.3200923800468445,727695,1078.2646119594574,False
35800,0.05203500762581825,0.05853550508618355,0.0001,0.24769474565982819,727695,1079.2495403289795,False
35900,0.05684888735413551,0.052690789103507996,0.0001,0.2763219177722931,727695,1080.2309346199036,False
36000,0.0506281703710556,0.057761140167713165,0.0001,0.2676236927509308,727695,1081.2161791324615,False
36100,0.04913417249917984,0.0510760061442852,0.0001,0.3182234764099121,727695,1082.1938009262085,False
36200,0.06120245158672333,0.05086960271000862,0.0001,0.37975403666496277,727695,1083.172195672989,False
36300,0.05779959633946419,0.05571496859192848,0.0001,0.3868739902973175,727695,1084.1463186740875,False
36400,0.055459581315517426,0.054316602647304535,0.0001,0.292774498462677,727695,1085.1314194202423,False
36500,0.05344325676560402,0.0516226664185524,0.0001,0.2276337593793869,727695,1086.1078717708588,False
36600,0.0605444498360157,0.05786978080868721,0.0001,0.334869921207428,727695,1087.0864760875702,False
36700,0.05563589185476303,0.054430462419986725,0.0001,0.2876708209514618,727695,1088.0646522045135,False
36800,0.051061879843473434,0.05654385685920715,0.0001,0.33684104681015015,727695,1089.0520298480988,False
36900,0.050565414130687714,0.0529150515794754,0.0001,0.2559153735637665,727695,1090.043823480606,False
37000,0.04937126114964485,0.04937151074409485,0.0001,0.22657987475395203,727695,1091.0336663722992,False
37100,0.047929178923368454,0.06059635803103447,0.0001,0.3106934428215027,727695,1092.0168132781982,False
37200,0.04511262848973274,0.056865740567445755,0.0001,0.27079319953918457,727695,1092.9912073612213,False
37300,0.04563182219862938,0.05703636258840561,0.0001,0.2512337863445282,727695,1093.9702289104462,False
37400,0.05270653963088989,0.05895539000630379,0.0001,0.3254300057888031,727695,1094.962390422821,False
37500,0.05282873660326004,0.05491799861192703,0.0001,0.2987542748451233,727695,1095.9589154720306,False
37600,0.048671185970306396,0.05429278686642647,0.0001,0.25759559869766235,727695,1096.9489107131958,False
37700,0.04842248558998108,0.051309872418642044,0.0001,0.2490353137254715,727695,1097.9296197891235,False
37800,0.05264865979552269,0.05381475389003754,0.0001,0.2748008966445923,727695,1098.9049546718597,False
37900,0.04788520932197571,0.055178605020046234,0.0001,0.2216815948486328,727695,1099.8842253684998,False
38000,0.04690973460674286,0.05065997689962387,0.0001,0.32358518242836,727695,1100.8755385875702,False
38100,0.05101100355386734,0.055597539991140366,0.0001,0.3399184048175812,727695,1101.8703212738037,False
38200,0.047127556055784225,0.0536763072013855,0.0001,0.3113371431827545,727695,1102.858779668808,False
38300,0.04864406958222389,0.05241575464606285,0.0001,0.33508604764938354,727695,1103.8386900424957,False
38400,0.0528409369289875,0.04998868703842163,0.0001,0.28315576910972595,727695,1104.8165004253387,False
38500,0.05439018830657005,0.05809219926595688,0.0001,0.29468247294425964,727695,1105.7968590259552,False
38600,0.05016166716814041,0.055952537804841995,0.0001,0.24992842972278595,727695,1106.7834503650665,False
38700,0.04886704310774803,0.05508631095290184,0.0001,0.29720523953437805,727695,1107.768794298172,False
38800,0.05393162742257118,0.05197497457265854,0.0001,0.3043730854988098,727695,1108.7481136322021,False
38900,0.05048546940088272,0.05111951380968094,0.0001,0.2672961354255676,727695,1109.7226135730743,False
39000,0.05550588667392731,0.05375567451119423,0.0001,0.40013977885246277,727695,1110.7023344039917,False
39100,0.050824761390686035,0.0581338070333004,0.0001,0.3197912871837616,727695,1111.6703498363495,False
39200,0.05343811959028244,0.060816988348960876,0.0001,0.25363489985466003,727695,1112.6492238044739,False
39300,0.05359997972846031,0.05220158398151398,0.0001,0.3078121244907379,727695,1113.6182169914246,False
39400,0.05100655555725098,0.0484519824385643,0.0001,0.25253114104270935,727695,1114.5862078666687,False
39500,0.04883246496319771,0.05405239388346672,0.0001,0.2530234754085541,727695,1115.5508358478546,False
39600,0.04935574159026146,0.05169834569096565,0.0001,0.32612428069114685,727695,1116.5189530849457,False
39700,0.05273396894335747,0.046477820724248886,0.0001,0.3235657215118408,727695,1117.4988408088684,False
39800,0.05244443938136101,0.05125788599252701,0.0001,0.2150145173072815,727695,1118.4677431583405,False
39900,0.05026531219482422,0.054312583059072495,0.0001,0.264886736869812,727695,1119.4224226474762,False
40000,0.04796062782406807,0.052544333040714264,0.0001,0.2288658320903778,727695,1230.843071937561,False
40100,0.050607405602931976,0.054137907922267914,0.0001,0.29528823494911194,727695,1231.8385832309723,False
40200,0.04918207600712776,0.05723009631037712,0.0001,0.3429860472679138,727695,1232.8280284404755,False
40300,0.05229664593935013,0.0533924326300621,0.0001,0.26292064785957336,727695,1233.8113312721252,False
40400,0.05134675279259682,0.04695901274681091,0.0001,0.2884814143180847,727695,1234.7877895832062,False
40500,0.053407005965709686,0.05480680242180824,0.0001,0.23899874091148376,727695,1235.7831375598907,False
40600,0.056170571595430374,0.05239638686180115,0.0001,0.2727505564689636,727695,1236.7667167186737,False
40700,0.04882662743330002,0.05636114627122879,0.0001,0.26644203066825867,727695,1237.7440304756165,False
40800,0.056514520198106766,0.055014368146657944,0.0001,0.2565460205078125,727695,1238.7198481559753,False
40900,0.05108226463198662,0.04570150747895241,0.0001,0.29403427243232727,727695,1239.7075340747833,False
41000,0.050579383969306946,0.0507463738322258,0.0001,0.2532343864440918,727695,1240.6858923435211,False
41100,0.05651040002703667,0.05111325904726982,0.0001,0.27080368995666504,727695,1241.6531491279602,False
41200,0.05130641162395477,0.055590663105249405,0.0001,0.23230931162834167,727695,1242.616871356964,False
41300,0.05165861174464226,0.05145792290568352,0.0001,0.327147901058197,727695,1243.5982537269592,False
41400,0.048903048038482666,0.05912810564041138,0.0001,0.2854076623916626,727695,1244.5748751163483,False
41500,0.05349395424127579,0.05403702333569527,0.0001,0.23905545473098755,727695,1245.552918434143,False
41600,0.05238831043243408,0.055649444460868835,0.0001,0.26076993346214294,727695,1246.5227253437042,False
41700,0.05374408885836601,0.05334340035915375,0.0001,0.309028685092926,727695,1247.4935374259949,False
41800,0.05183442682027817,0.06096881255507469,0.0001,0.26327723264694214,727695,1248.4698145389557,False
41900,0.050360072404146194,0.05688124895095825,0.0001,0.31324997544288635,727695,1249.4357166290283,False
42000,0.04824279621243477,0.04955635592341423,0.0001,0.24802659451961517,727695,1250.404637336731,False
42100,0.05465887859463692,0.059418320655822754,0.0001,0.29386577010154724,727695,1251.379662513733,False
42200,0.05381447449326515,0.0551472045481205,0.0001,0.2696003019809723,727695,1252.3603541851044,False
42300,0.05153776332736015,0.04966745525598526,0.0001,0.21299441158771515,727695,1253.3423147201538,False
42400,0.04816900193691254,0.05492842197418213,0.0001,0.2658889889717102,727695,1254.3171541690826,False
42500,0.0543118380010128,0.05406420677900314,0.0001,0.3922051787376404,727695,1255.2896647453308,False
42600,0.05073188990354538,0.056191373616456985,0.0001,0.2949863374233246,727695,1256.2675902843475,False
42700,0.0520094558596611,0.05525011941790581,0.0001,0.31577110290527344,727695,1257.2487137317657,False
42800,0.05424760282039642,0.053225673735141754,0.0001,0.2819802165031433,727695,1258.2205307483673,False
42900,0.04816126823425293,0.050733666867017746,0.0001,0.2668877840042114,727695,1259.194919347763,False
43000,0.04791100695729256,0.04933955520391464,0.0001,0.2477949857711792,727695,1260.1799824237823,False
43100,0.0547637939453125,0.053029973059892654,0.0001,0.3019852340221405,727695,1261.1563527584076,False
43200,0.04906341806054115,0.051913678646087646,0.0001,0.2589760422706604,727695,1262.1297008991241,False
43300,0.05372758209705353,0.05086411163210869,0.0001,0.304377019405365,727695,1263.099530696869,False
43400,0.049667518585920334,0.05664482340216637,0.0001,0.34360644221305847,727695,1264.0814819335938,False
43500,0.05274151638150215,0.05827828124165535,0.0001,0.3108663856983185,727695,1265.0658826828003,False
43600,0.05340157076716423,0.044863272458314896,0.0001,0.29634541273117065,727695,1266.0411279201508,False
43700,0.05380665510892868,0.05658760294318199,0.0001,0.27498963475227356,727695,1267.0164697170258,False
43800,0.05088314414024353,0.05383606255054474,0.0001,0.28408414125442505,727695,1268.0046281814575,False
43900,0.05062110349535942,0.05046544596552849,0.0001,0.3299068510532379,727695,1268.9824166297913,False
44000,0.05249232053756714,0.04761131480336189,0.0001,0.23333817720413208,727695,1269.962631702423,False
44100,0.052981071174144745,0.057918842881917953,0.0001,0.27979451417922974,727695,1270.9387712478638,False
44200,0.04893704876303673,0.05409509316086769,0.0001,0.27936261892318726,727695,1271.9199912548065,False
44300,0.05032215267419815,0.05538039281964302,0.0001,0.2724795341491699,727695,1272.9031038284302,False
44400,0.05117499828338623,0.05462302267551422,0.0001,0.2780073583126068,727695,1273.8764481544495,False
44500,0.05069377273321152,0.05145605653524399,0.0001,0.2893369495868683,727695,1274.8469223976135,False
44600,0.053495220839977264,0.056321319192647934,0.0001,0.3220093250274658,727695,1275.83278632164,False
44700,0.0518086738884449,0.051431942731142044,0.0001,0.26099729537963867,727695,1276.8137559890747,False
44800,0.04821530729532242,0.05353284254670143,0.0001,0.233876571059227,727695,1277.7946500778198,False
44900,0.05423096939921379,0.049539100378751755,0.0001,0.2570232152938843,727695,1278.7790591716766,False
45000,0.04980175942182541,0.054984141141176224,0.0001,0.2596636116504669,727695,1402.674345254898,False
45100,0.04998960718512535,0.050892338156700134,0.0001,0.32125550508499146,727695,1403.660716533661,False
45200,0.05134240910410881,0.05470024421811104,0.0001,0.2707414925098419,727695,1404.6329884529114,False
45300,0.04837052524089813,0.05238809436559677,0.0001,0.2841815650463104,727695,1405.615970134735,False
45400,0.051429785788059235,0.050067976117134094,0.0001,0.2900072932243347,727695,1406.598727941513,False
45500,0.04687890782952309,0.049412261694669724,0.0001,0.2830160856246948,727695,1407.5900542736053,False
45600,0.05090707167983055,0.05258776992559433,0.0001,0.28093603253364563,727695,1408.5723810195923,False
45700,0.051794327795505524,0.0568864569067955,0.0001,0.2616322338581085,727695,1409.5516324043274,False
45800,0.048610869795084,0.052332110702991486,0.0001,0.23674482107162476,727695,1410.517011642456,False
45900,0.0499567948281765,0.0524907149374485,0.0001,0.29635998606681824,727695,1411.4969379901886,False
46000,0.04583742469549179,0.05528116598725319,0.0001,0.24759335815906525,727695,1412.4804427623749,False
46100,0.052909236401319504,0.05261365324258804,0.0001,0.2658803164958954,727695,1413.4629640579224,False
46200,0.058916471898555756,0.05315965786576271,0.0001,0.31435638666152954,727695,1414.4571704864502,False
46300,0.05265681818127632,0.052665017545223236,0.0001,0.27928823232650757,727695,1415.4462823867798,False
46400,0.049575064331293106,0.05386170372366905,0.0001,0.27379417419433594,727695,1416.416391134262,False
46500,0.054197266697883606,0.04879985377192497,0.0001,0.2811930775642395,727695,1417.4027080535889,False
46600,0.04585212096571922,0.053320590406656265,0.0001,0.2857610881328583,727695,1418.3774712085724,False
46700,0.04610593616962433,0.05491756275296211,0.0001,0.2669980227947235,727695,1419.360009431839,False
46800,0.051659032702445984,0.05052206665277481,0.0001,0.2858358919620514,727695,1420.3486824035645,False
46900,0.04967040941119194,0.054014671593904495,0.0001,0.2527940571308136,727695,1421.3313188552856,False
47000,0.05051901191473007,0.055721137672662735,0.0001,0.28571778535842896,727695,1422.3044278621674,False
47100,0.051339201629161835,0.0544881671667099,0.0001,0.2764454782009125,727695,1423.2694940567017,False
47200,0.05592404305934906,0.05137370154261589,0.0001,0.28412699699401855,727695,1424.2451148033142,False
47300,0.05131683498620987,0.04942038655281067,0.0001,0.22825413942337036,727695,1425.2255523204803,False
47400,0.047647327184677124,0.048285432159900665,0.0001,0.26250046491622925,727695,1426.2124373912811,False
47500,0.04611847549676895,0.05430540442466736,0.0001,0.28304916620254517,727695,1427.1920466423035,False
47600,0.048848144710063934,0.053637001663446426,0.0001,0.2725077271461487,727695,1428.1680715084076,False
47700,0.05346458777785301,0.04546725004911423,0.0001,0.2621709406375885,727695,1429.1341171264648,False
47800,0.04990403726696968,0.05032317340373993,0.0001,0.26122331619262695,727695,1430.1144659519196,False
47900,0.048774536699056625,0.049643442034721375,0.0001,0.3047713339328766,727695,1431.0987339019775,False
48000,0.05251208692789078,0.05480462685227394,0.0001,0.3183351159095764,727695,1432.085355758667,False
48100,0.05544997379183769,0.05058158189058304,0.0001,0.2767307460308075,727695,1433.0693373680115,False
48200,0.05132126435637474,0.05318271368741989,0.0001,0.27928873896598816,727695,1434.0527610778809,False
48300,0.046392329037189484,0.05067167803645134,0.0001,0.21708379685878754,727695,1435.044510126114,False
48400,0.053509462624788284,0.05521981418132782,0.0001,0.28417760133743286,727695,1436.0294923782349,False
48500,0.051228027790784836,0.04859841614961624,0.0001,0.294951468706131,727695,1437.012192249298,False
48600,0.05103657394647598,0.05473100021481514,0.0001,0.3487183153629303,727695,1437.9883072376251,False
48700,0.05181552469730377,0.05127345398068428,0.0001,0.401312917470932,727695,1438.9743769168854,False
48800,0.0510161817073822,0.05443749204277992,0.0001,0.28747689723968506,727695,1439.9617710113525,False
48900,0.039878081530332565,0.05414885655045509,0.0001,0.25885292887687683,727695,1440.9436094760895,False
49000,0.04980926588177681,0.05143119767308235,0.0001,0.30281928181648254,727695,1441.9233992099762,False
49100,0.05204197019338608,0.04968094080686569,0.0001,0.28234222531318665,727695,1442.9086484909058,False
49200,0.05048046633601189,0.05375133454799652,0.0001,0.2525389790534973,727695,1443.9013724327087,False
49300,0.05173751711845398,0.05479894205927849,0.0001,0.27503231167793274,727695,1444.8967998027802,False
49400,0.04734257981181145,0.057142261415719986,0.0001,0.2635783553123474,727695,1445.894767522812,False
49500,0.04801984503865242,0.05762985721230507,0.0001,0.26919984817504883,727695,1446.8873376846313,False
49600,0.050810717046260834,0.053342048078775406,0.0001,0.31517845392227173,727695,1447.8852796554565,False
49700,0.052997615188360214,0.05194913595914841,0.0001,0.25203803181648254,727695,1448.874033689499,False
49800,0.05825701728463173,0.05508039519190788,0.0001,0.2865988314151764,727695,1449.8551568984985,False
49900,0.05232492834329605,0.05562549829483032,0.0001,0.28946900367736816,727695,1450.8302278518677,False
